Get your Credits,احصل على النقاط
Sign Up,سجل معنا
Or,او
There are no products for bid right now,لا يوجد منتجات للمزاودة
Bidder,المزاود
Bid,زاود
next,القادم
opening price is,سعر الافتتاح
Sold,بيع على
Sold Numbers,القطعة المباعة
Winner,الرابح
Orders and Returns,الطلبات و المرتجعات
Open Bid Price:,سعر الافتتاح:
Close Price:,السعر النهائي:
Retail Price:,سعر التجزئة:
History,آخر عمليات المزاودة
"By creating an account with our store, you will be able to move through the checkout process faster, store multiple shipping addresses, view and track your orders in your account and more.",سجل معنا للحصول على التحديثات على اخر القطع و المنتجات
Log out,تسجيل الخروج
Newsletter Subscriptions,النشرة البريدية
My Points,نقاطي
Bidding History,آخر عمليات المزاودة
Points Purchasing History,سجل شراء النقاط
Winner Dashboard,لائحة الفائزين
You didn't win any product till now,لم تربح اية منجات
Winning Products,المنتجات التي فزت بها
Products List,المنتجات
Buy Now,إشترِ الآن
Clear Shopping Cart,ازالة منتجات سلة التسوق
Proceed to Checkout,اتمام عملية الشراء
My Dashboard,لوحة التحكم